-- MySQL dump 10.13  Distrib 5.6.22, for osx10.9 (x86_64)
--
-- Host: localhost    Database: schoolmate
-- ------------------------------------------------------
-- Server version	5.6.22

/*!40101 SET @OLD_CHARACTER_SET_CLIENT=@@CHARACTER_SET_CLIENT */;
/*!40101 SET @OLD_CHARACTER_SET_RESULTS=@@CHARACTER_SET_RESULTS */;
/*!40101 SET @OLD_COLLATION_CONNECTION=@@COLLATION_CONNECTION */;
/*!40101 SET NAMES utf8 */;
/*!40103 SET @OLD_TIME_ZONE=@@TIME_ZONE */;
/*!40103 SET TIME_ZONE='+00:00' */;
/*!40014 SET @OLD_UNIQUE_CHECKS=@@UNIQUE_CHECKS, UNIQUE_CHECKS=0 */;
/*!40014 SET @OLD_FOREIGN_KEY_CHECKS=@@FOREIGN_KEY_CHECKS, FOREIGN_KEY_CHECKS=0 */;
/*!40101 SET @OLD_SQL_MODE=@@SQL_MODE, SQL_MODE='NO_AUTO_VALUE_ON_ZERO' */;
/*!40111 SET @OLD_SQL_NOTES=@@SQL_NOTES, SQL_NOTES=0 */;

--
-- Table structure for table `adminstaff`
--

DROP TABLE IF EXISTS `adminstaff`;
/*!40101 SET @saved_cs_client     = @@character_set_client */;
/*!40101 SET character_set_client = utf8 */;
CREATE TABLE `adminstaff` (
  `adminid` int(11) NOT NULL AUTO_INCREMENT,
  `userid` int(11) NOT NULL DEFAULT '0',
  `fname` varchar(20) NOT NULL DEFAULT '',
  `lname` varchar(15) NOT NULL DEFAULT '',
  PRIMARY KEY (`adminid`),
  UNIQUE KEY `UserID` (`userid`)
) ENGINE=MyISAM DEFAULT CHARSET=utf8;
/*!40101 SET character_set_client = @saved_cs_client */;

--
-- Dumping data for table `adminstaff`
--

LOCK TABLES `adminstaff` WRITE;
/*!40000 ALTER TABLE `adminstaff` DISABLE KEYS */;
/*!40000 ALTER TABLE `adminstaff` ENABLE KEYS */;
UNLOCK TABLES;

--
-- Table structure for table `assignments`
--

DROP TABLE IF EXISTS `assignments`;
/*!40101 SET @saved_cs_client     = @@character_set_client */;
/*!40101 SET character_set_client = utf8 */;
CREATE TABLE `assignments` (
  `assignmentid` int(11) NOT NULL AUTO_INCREMENT,
  `courseid` int(11) NOT NULL DEFAULT '0',
  `semesterid` int(11) NOT NULL DEFAULT '0',
  `termid` int(11) NOT NULL DEFAULT '0',
  `title` varchar(15) NOT NULL DEFAULT '',
  `totalpoints` double(6,2) NOT NULL DEFAULT '0.00',
  `assigneddate` date NOT NULL DEFAULT '0000-00-00',
  `duedate` date NOT NULL DEFAULT '0000-00-00',
  `assignmentinformation` text,
  PRIMARY KEY (`assignmentid`)
) ENGINE=MyISAM DEFAULT CHARSET=utf8;
/*!40101 SET character_set_client = @saved_cs_client */;

--
-- Dumping data for table `assignments`
--

LOCK TABLES `assignments` WRITE;
/*!40000 ALTER TABLE `assignments` DISABLE KEYS */;
/*!40000 ALTER TABLE `assignments` ENABLE KEYS */;
UNLOCK TABLES;

--
-- Table structure for table `courses`
--

DROP TABLE IF EXISTS `courses`;
/*!40101 SET @saved_cs_client     = @@character_set_client */;
/*!40101 SET character_set_client = utf8 */;
CREATE TABLE `courses` (
  `courseid` int(11) NOT NULL AUTO_INCREMENT,
  `semesterid` int(11) NOT NULL DEFAULT '0',
  `termid` int(11) NOT NULL DEFAULT '0',
  `coursename` varchar(20) NOT NULL DEFAULT '',
  `teacherid` int(11) NOT NULL DEFAULT '0',
  `sectionnum` varchar(15) NOT NULL DEFAULT '0',
  `roomnum` varchar(5) NOT NULL DEFAULT '',
  `periodnum` char(3) NOT NULL DEFAULT '',
  `q1points` double(6,2) NOT NULL DEFAULT '0.00',
  `q2points` double(6,2) NOT NULL DEFAULT '0.00',
  `totalpoints` double(6,2) NOT NULL DEFAULT '0.00',
  `aperc` double(6,3) NOT NULL DEFAULT '0.000',
  `bperc` double(6,3) NOT NULL DEFAULT '0.000',
  `cperc` double(6,3) NOT NULL DEFAULT '0.000',
  `dperc` double(6,3) NOT NULL DEFAULT '0.000',
  `fperc` double(6,3) NOT NULL DEFAULT '0.000',
  `dotw` varchar(5) DEFAULT NULL,
  `substituteid` int(11) DEFAULT NULL,
  `secondcourseid` int(11) DEFAULT NULL,
  PRIMARY KEY (`courseid`)
) ENGINE=MyISAM AUTO_INCREMENT=10 DEFAULT CHARSET=utf8;
/*!40101 SET character_set_client = @saved_cs_client */;

--
-- Dumping data for table `courses`
--

LOCK TABLES `courses` WRITE;
/*!40000 ALTER TABLE `courses` DISABLE KEYS */;
INSERT INTO `courses` VALUES (1,1,3,'Basic Math',2,'101','40','1',0.00,0.00,0.00,0.000,0.000,0.000,0.000,0.000,'MWF',3,NULL),(2,1,3,'Basic English',1,'102','41','2',0.00,0.00,0.00,0.000,0.000,0.000,0.000,0.000,'MWF',4,NULL),(3,1,3,'Basketry',1,'103','42','3',0.00,0.00,0.00,0.000,0.000,0.000,0.000,0.000,'MWF',3,NULL),(4,1,3,'Copying',2,'105','43','4',0.00,0.00,0.00,0.000,0.000,0.000,0.000,0.000,'MWF',4,NULL),(5,1,3,'Pasting',2,'104','40','5',0.00,0.00,0.00,0.000,0.000,0.000,0.000,0.000,'MWF',3,NULL),(6,1,3,'Hunting',1,'106','41','6',0.00,0.00,0.00,0.000,0.000,0.000,0.000,0.000,'MWF',3,NULL),(7,1,3,'Pecking',6,'101','40','7',0.00,0.00,0.00,0.000,0.000,0.000,0.000,0.000,'MWF',3,NULL),(8,1,3,'Social Apathy',1,'002','33','8',0.00,0.00,0.00,0.000,0.000,0.000,0.000,0.000,'MTWHF',3,NULL),(9,2,4,'Horticulture',7,'003','12','5',0.00,0.00,0.00,0.000,0.000,0.000,0.000,0.000,'TH',3,NULL);
/*!40000 ALTER TABLE `courses` ENABLE KEYS */;
UNLOCK TABLES;

--
-- Table structure for table `grades`
--

DROP TABLE IF EXISTS `grades`;
/*!40101 SET @saved_cs_client     = @@character_set_client */;
/*!40101 SET character_set_client = utf8 */;
CREATE TABLE `grades` (
  `gradeid` int(11) NOT NULL AUTO_INCREMENT,
  `assignmentid` int(11) NOT NULL DEFAULT '0',
  `courseid` int(11) NOT NULL DEFAULT '0',
  `semesterid` int(11) NOT NULL DEFAULT '0',
  `termid` int(11) NOT NULL DEFAULT '0',
  `studentid` int(11) NOT NULL DEFAULT '0',
  `points` double(6,2) DEFAULT '0.00',
  `comment` text,
  `submitdate` date DEFAULT '0000-00-00',
  `islate` int(1) DEFAULT '0',
  PRIMARY KEY (`gradeid`)
) ENGINE=MyISAM DEFAULT CHARSET=utf8;
/*!40101 SET character_set_client = @saved_cs_client */;

--
-- Dumping data for table `grades`
--

LOCK TABLES `grades` WRITE;
/*!40000 ALTER TABLE `grades` DISABLE KEYS */;
/*!40000 ALTER TABLE `grades` ENABLE KEYS */;
UNLOCK TABLES;

--
-- Table structure for table `parent_student_match`
--

DROP TABLE IF EXISTS `parent_student_match`;
/*!40101 SET @saved_cs_client     = @@character_set_client */;
/*!40101 SET character_set_client = utf8 */;
CREATE TABLE `parent_student_match` (
  `matchid` int(11) NOT NULL AUTO_INCREMENT,
  `parentid` int(11) NOT NULL DEFAULT '0',
  `studentid` int(11) NOT NULL DEFAULT '0',
  PRIMARY KEY (`matchid`)
) ENGINE=MyISAM AUTO_INCREMENT=9 DEFAULT CHARSET=utf8;
/*!40101 SET character_set_client = @saved_cs_client */;

--
-- Dumping data for table `parent_student_match`
--

LOCK TABLES `parent_student_match` WRITE;
/*!40000 ALTER TABLE `parent_student_match` DISABLE KEYS */;
INSERT INTO `parent_student_match` VALUES (1,1,1),(4,2,2),(5,3,3),(6,4,7),(7,5,4),(8,6,5);
/*!40000 ALTER TABLE `parent_student_match` ENABLE KEYS */;
UNLOCK TABLES;

--
-- Table structure for table `parents`
--

DROP TABLE IF EXISTS `parents`;
/*!40101 SET @saved_cs_client     = @@character_set_client */;
/*!40101 SET character_set_client = utf8 */;
CREATE TABLE `parents` (
  `parentid` int(11) NOT NULL AUTO_INCREMENT,
  `userid` int(11) NOT NULL DEFAULT '0',
  `fname` varchar(15) DEFAULT NULL,
  `lname` varchar(15) DEFAULT NULL,
  PRIMARY KEY (`parentid`)
) ENGINE=MyISAM AUTO_INCREMENT=7 DEFAULT CHARSET=utf8;
/*!40101 SET character_set_client = @saved_cs_client */;

--
-- Dumping data for table `parents`
--

LOCK TABLES `parents` WRITE;
/*!40000 ALTER TABLE `parents` DISABLE KEYS */;
INSERT INTO `parents` VALUES (1,22,'Dave','Doe'),(2,11,'Gregg','Marx'),(3,12,'Karen','March'),(4,13,'Rich','Young'),(5,18,'Don','Dean'),(6,24,'Rachel','Chase');
/*!40000 ALTER TABLE `parents` ENABLE KEYS */;
UNLOCK TABLES;

--
-- Table structure for table `registrations`
--

DROP TABLE IF EXISTS `registrations`;
/*!40101 SET @saved_cs_client     = @@character_set_client */;
/*!40101 SET character_set_client = utf8 */;
CREATE TABLE `registrations` (
  `regid` int(11) NOT NULL AUTO_INCREMENT,
  `courseid` int(11) NOT NULL DEFAULT '0',
  `studentid` int(11) NOT NULL DEFAULT '0',
  `semesterid` int(11) NOT NULL DEFAULT '0',
  `termid` int(11) NOT NULL DEFAULT '0',
  `q1currpoints` double(6,2) NOT NULL DEFAULT '0.00',
  `q2currpoints` double(6,2) NOT NULL DEFAULT '0.00',
  `currentpoints` double(6,2) NOT NULL DEFAULT '0.00',
  PRIMARY KEY (`regid`)
) ENGINE=MyISAM AUTO_INCREMENT=31 DEFAULT CHARSET=utf8;
/*!40101 SET character_set_client = @saved_cs_client */;

--
-- Dumping data for table `registrations`
--

LOCK TABLES `registrations` WRITE;
/*!40000 ALTER TABLE `registrations` DISABLE KEYS */;
INSERT INTO `registrations` VALUES (2,1,3,1,3,0.00,0.00,0.00),(3,1,1,1,3,0.00,0.00,0.00),(4,2,2,1,3,0.00,0.00,0.00),(23,2,3,1,3,0.00,0.00,0.00),(6,3,1,1,3,0.00,0.00,0.00),(7,4,1,1,3,0.00,0.00,0.00),(8,5,1,1,3,0.00,0.00,0.00),(9,6,1,1,3,0.00,0.00,0.00),(10,1,4,1,3,0.00,0.00,0.00),(11,2,4,1,3,0.00,0.00,0.00),(12,3,4,1,3,0.00,0.00,0.00),(13,4,4,1,3,0.00,0.00,0.00),(14,6,4,1,3,0.00,0.00,0.00),(15,8,4,1,3,0.00,0.00,0.00),(16,2,6,1,3,0.00,0.00,0.00),(17,3,6,1,3,0.00,0.00,0.00),(18,4,6,1,3,0.00,0.00,0.00),(19,5,6,1,3,0.00,0.00,0.00),(20,7,6,1,3,0.00,0.00,0.00),(21,8,6,1,3,0.00,0.00,0.00),(22,8,2,1,3,0.00,0.00,0.00),(24,3,3,1,3,0.00,0.00,0.00),(25,4,3,1,3,0.00,0.00,0.00),(26,5,3,1,3,0.00,0.00,0.00),(27,6,3,1,3,0.00,0.00,0.00),(28,7,3,1,3,0.00,0.00,0.00),(29,8,3,1,3,0.00,0.00,0.00),(30,2,7,1,3,0.00,0.00,0.00);
/*!40000 ALTER TABLE `registrations` ENABLE KEYS */;
UNLOCK TABLES;

--
-- Table structure for table `schoolattendance`
--

DROP TABLE IF EXISTS `schoolattendance`;
/*!40101 SET @saved_cs_client     = @@character_set_client */;
/*!40101 SET character_set_client = utf8 */;
CREATE TABLE `schoolattendance` (
  `sattendid` int(11) NOT NULL AUTO_INCREMENT,
  `studentid` int(11) NOT NULL DEFAULT '0',
  `sattenddate` date NOT NULL DEFAULT '0000-00-00',
  `semesterid` int(11) NOT NULL DEFAULT '0',
  `termid` int(11) NOT NULL DEFAULT '0',
  `type` enum('tardy','absent') DEFAULT NULL,
  PRIMARY KEY (`sattendid`)
) ENGINE=MyISAM AUTO_INCREMENT=5 DEFAULT CHARSET=utf8;
/*!40101 SET character_set_client = @saved_cs_client */;

--
-- Dumping data for table `schoolattendance`
--

LOCK TABLES `schoolattendance` WRITE;
/*!40000 ALTER TABLE `schoolattendance` DISABLE KEYS */;
INSERT INTO `schoolattendance` VALUES (1,4,'2001-01-06',1,3,'tardy'),(2,3,'2001-01-03',1,3,'absent'),(3,2,'2001-02-04',1,3,'tardy'),(4,2,'2001-02-03',1,3,'absent');
/*!40000 ALTER TABLE `schoolattendance` ENABLE KEYS */;
UNLOCK TABLES;

--
-- Table structure for table `schoolbulletins`
--

DROP TABLE IF EXISTS `schoolbulletins`;
/*!40101 SET @saved_cs_client     = @@character_set_client */;
/*!40101 SET character_set_client = utf8 */;
CREATE TABLE `schoolbulletins` (
  `sbulletinid` int(11) NOT NULL AUTO_INCREMENT,
  `title` varchar(15) NOT NULL DEFAULT '',
  `message` text NOT NULL,
  `bulletindate` date NOT NULL DEFAULT '0000-00-00',
  PRIMARY KEY (`sbulletinid`)
) ENGINE=MyISAM DEFAULT CHARSET=utf8;
/*!40101 SET character_set_client = @saved_cs_client */;

--
-- Dumping data for table `schoolbulletins`
--

LOCK TABLES `schoolbulletins` WRITE;
/*!40000 ALTER TABLE `schoolbulletins` DISABLE KEYS */;
/*!40000 ALTER TABLE `schoolbulletins` ENABLE KEYS */;
UNLOCK TABLES;

--
-- Table structure for table `schoolinfo`
--

DROP TABLE IF EXISTS `schoolinfo`;
/*!40101 SET @saved_cs_client     = @@character_set_client */;
/*!40101 SET character_set_client = utf8 */;
CREATE TABLE `schoolinfo` (
  `schoolname` varchar(50) NOT NULL DEFAULT '',
  `address` varchar(50) DEFAULT NULL,
  `phonenumber` varchar(14) DEFAULT NULL,
  `sitetext` text,
  `sitemessage` text,
  `currenttermid` int(11) DEFAULT NULL,
  `numsemesters` int(3) NOT NULL DEFAULT '0',
  `numperiods` int(3) NOT NULL DEFAULT '0',
  `apoint` double(6,3) NOT NULL DEFAULT '0.000',
  `bpoint` double(6,3) NOT NULL DEFAULT '0.000',
  `cpoint` double(6,3) NOT NULL DEFAULT '0.000',
  `dpoint` double(6,3) NOT NULL DEFAULT '0.000',
  `fpoint` double(6,3) NOT NULL DEFAULT '0.000',
  PRIMARY KEY (`schoolname`)
) ENGINE=MyISAM DEFAULT CHARSET=utf8;
/*!40101 SET character_set_client = @saved_cs_client */;

--
-- Dumping data for table `schoolinfo`
--

LOCK TABLES `schoolinfo` WRITE;
/*!40000 ALTER TABLE `schoolinfo` DISABLE KEYS */;
/*!40000 ALTER TABLE `schoolinfo` ENABLE KEYS */;
UNLOCK TABLES;

--
-- Table structure for table `semesters`
--

DROP TABLE IF EXISTS `semesters`;
/*!40101 SET @saved_cs_client     = @@character_set_client */;
/*!40101 SET character_set_client = utf8 */;
CREATE TABLE `semesters` (
  `semesterid` int(11) NOT NULL AUTO_INCREMENT,
  `termid` varchar(15) NOT NULL DEFAULT '',
  `title` varchar(15) NOT NULL DEFAULT '',
  `startdate` date NOT NULL DEFAULT '0000-00-00',
  `midtermdate` date NOT NULL DEFAULT '0000-00-00',
  `enddate` date NOT NULL DEFAULT '0000-00-00',
  `type` enum('1','2') DEFAULT NULL,
  PRIMARY KEY (`semesterid`)
) ENGINE=MyISAM AUTO_INCREMENT=5 DEFAULT CHARSET=utf8;
/*!40101 SET character_set_client = @saved_cs_client */;

--
-- Dumping data for table `semesters`
--

LOCK TABLES `semesters` WRITE;
/*!40000 ALTER TABLE `semesters` DISABLE KEYS */;
INSERT INTO `semesters` VALUES (1,'3','spring2001','2001-01-01','2001-03-14','2001-05-15','1'),(2,'4','spring2001','2001-01-01','2001-03-14','2001-05-15','2'),(3,'3','summer2001','2001-06-01','2001-06-21','2001-07-10','1'),(4,'4','summer2001','2001-07-16','2001-08-01','2001-08-16','2');
/*!40000 ALTER TABLE `semesters` ENABLE KEYS */;
UNLOCK TABLES;

--
-- Table structure for table `students`
--

DROP TABLE IF EXISTS `students`;
/*!40101 SET @saved_cs_client     = @@character_set_client */;
/*!40101 SET character_set_client = utf8 */;
CREATE TABLE `students` (
  `studentid` int(11) NOT NULL AUTO_INCREMENT,
  `userid` int(11) NOT NULL DEFAULT '0',
  `fname` varchar(15) NOT NULL DEFAULT '',
  `mi` char(1) NOT NULL DEFAULT '',
  `lname` varchar(15) NOT NULL DEFAULT '',
  PRIMARY KEY (`studentid`),
  UNIQUE KEY `UserID` (`userid`)
) ENGINE=MyISAM AUTO_INCREMENT=8 DEFAULT CHARSET=utf8;
/*!40101 SET character_set_client = @saved_cs_client */;

--
-- Dumping data for table `students`
--

LOCK TABLES `students` WRITE;
/*!40000 ALTER TABLE `students` DISABLE KEYS */;
INSERT INTO `students` VALUES (1,2,'Tom','T','Doe'),(2,5,'Carla','H','Marx'),(3,6,'Mark','V','March'),(4,17,'Daisy','D','Dean'),(5,19,'Robin','F','Chase'),(6,20,'Gordon','S','Kline'),(7,23,'Ernst','B','Young');
/*!40000 ALTER TABLE `students` ENABLE KEYS */;
UNLOCK TABLES;

--
-- Table structure for table `teachers`
--

DROP TABLE IF EXISTS `teachers`;
/*!40101 SET @saved_cs_client     = @@character_set_client */;
/*!40101 SET character_set_client = utf8 */;
CREATE TABLE `teachers` (
  `teacherid` int(11) NOT NULL AUTO_INCREMENT,
  `userid` int(11) NOT NULL DEFAULT '0',
  `fname` varchar(15) NOT NULL DEFAULT '',
  `lname` varchar(15) NOT NULL DEFAULT '',
  PRIMARY KEY (`teacherid`),
  UNIQUE KEY `UserID` (`userid`)
) ENGINE=MyISAM AUTO_INCREMENT=16 DEFAULT CHARSET=utf8;
/*!40101 SET character_set_client = @saved_cs_client */;

--
-- Dumping data for table `teachers`
--

LOCK TABLES `teachers` WRITE;
/*!40000 ALTER TABLE `teachers` DISABLE KEYS */;
INSERT INTO `teachers` VALUES (1,3,'Jane','Doe'),(2,7,'Beth','Cool'),(3,9,'Sam','Walker'),(4,10,'Herb','Hunt'),(5,14,'Bill','Bourne'),(6,15,'Janet','Fields'),(7,25,'Gail','Gordon'),(8,32,'Ichabod','Crane'),(9,26,'Don','Davis'),(11,27,'Robert','Rogers'),(12,28,'Caroline','Clark'),(13,29,'Mordacai','Martin'),(14,30,'Paul','Anka'),(15,31,'Crystal','Gail');
/*!40000 ALTER TABLE `teachers` ENABLE KEYS */;
UNLOCK TABLES;

--
-- Table structure for table `terms`
--

DROP TABLE IF EXISTS `terms`;
/*!40101 SET @saved_cs_client     = @@character_set_client */;
/*!40101 SET character_set_client = utf8 */;
CREATE TABLE `terms` (
  `termid` int(11) NOT NULL AUTO_INCREMENT,
  `title` varchar(15) NOT NULL DEFAULT '',
  `startdate` date NOT NULL DEFAULT '0000-00-00',
  `enddate` date NOT NULL DEFAULT '0000-00-00',
  PRIMARY KEY (`termid`)
) ENGINE=MyISAM AUTO_INCREMENT=7 DEFAULT CHARSET=utf8;
/*!40101 SET character_set_client = @saved_cs_client */;

--
-- Dumping data for table `terms`
--

LOCK TABLES `terms` WRITE;
/*!40000 ALTER TABLE `terms` DISABLE KEYS */;
INSERT INTO `terms` VALUES (3,'Term1','2001-01-01','2001-03-18'),(4,'Term2','2001-03-19','2001-05-09'),(5,'SumTerm1','2001-06-03','2001-07-15'),(6,'SumTerm2','2001-07-17','2001-08-17');
/*!40000 ALTER TABLE `terms` ENABLE KEYS */;
UNLOCK TABLES;

--
-- Table structure for table `users`
--

DROP TABLE IF EXISTS `users`;
/*!40101 SET @saved_cs_client     = @@character_set_client */;
/*!40101 SET character_set_client = utf8 */;
CREATE TABLE `users` (
  `userid` int(11) NOT NULL AUTO_INCREMENT,
  `username` varchar(15) NOT NULL DEFAULT '',
  `password` varchar(32) NOT NULL DEFAULT '',
  `type` enum('Admin','Teacher','Substitute','Student','Parent') NOT NULL DEFAULT 'Admin',
  PRIMARY KEY (`userid`),
  UNIQUE KEY `username` (`username`)
) ENGINE=MyISAM AUTO_INCREMENT=2 DEFAULT CHARSET=utf8;
/*!40101 SET character_set_client = @saved_cs_client */;

--
-- Dumping data for table `users`
--

LOCK TABLES `users` WRITE;
/*!40000 ALTER TABLE `users` DISABLE KEYS */;
INSERT INTO `users` VALUES (1,'test','098f6bcd4621d373cade4e832627b4f6','Admin');
/*!40000 ALTER TABLE `users` ENABLE KEYS */;
UNLOCK TABLES;
/*!40103 SET TIME_ZONE=@OLD_TIME_ZONE */;

/*!40101 SET SQL_MODE=@OLD_SQL_MODE */;
/*!40014 SET FOREIGN_KEY_CHECKS=@OLD_FOREIGN_KEY_CHECKS */;
/*!40014 SET UNIQUE_CHECKS=@OLD_UNIQUE_CHECKS */;
/*!40101 SET CHARACTER_SET_CLIENT=@OLD_CHARACTER_SET_CLIENT */;
/*!40101 SET CHARACTER_SET_RESULTS=@OLD_CHARACTER_SET_RESULTS */;
/*!40101 SET COLLATION_CONNECTION=@OLD_COLLATION_CONNECTION */;
/*!40111 SET SQL_NOTES=@OLD_SQL_NOTES */;

-- Dump completed on 2015-03-12 19:55:57
